Model,R-Squared,Adj. R-Squared,AIC,BIC,F-statistic,Prob (F-stat)
Model 1 (Simple),0.02009231766969166,0.019778947768082977,18412.8407712722,18424.93770875954,64.1169351828261,1.6379629949418623e-15
Model 2 (Multiple),0.5038414450572655,0.5032061588153414,16289.359699175038,16319.602042893383,793.0935880671071,0.0
Model 3 (Interaction),0.5066571964905738,0.5058673424984038,16273.55171954789,16309.842532009903,641.4567774717037,0.0
