Variable,VIF
food_desert_prevalence,1.1957963771666102
median_income_usd,3.5507028637785836
poverty_pct,2.2914805866266055
education_pct,2.118441635350267
